{
  "val_threshold": 0.9355061650276184,
  "val_roc_auc": 0.9989978119559837,
  "target_fpr": 0.01
}